{"file_hashes":[{"block_hashes":["Y3toJWDZQDisbPu5X6ry5m8J8cjg7OhQwX+GbVIEtq4="],"block_size":4096,"path":"background.js"},{"block_hashes":["tKd8971xORTmEYVDEdWZIY73W55BJ+G1HH3fFYNxTcU=","onfjZWv8uS03xywtmVChvLoI+4PNTdlBGe3sttqlxm4=","Pj6867CCCui5P2yYqY5Jn87teEkzvH3+O+ZI5jY/gZA=","7jExJsWiQGxVgjpbFv2ukz0Kt3Qo73rdfTWa3uIW69Q=","QPVogV9I7soZK7zks5aa+J8AwqWl+dmjeukOoRPY0H0=","+hgieNsXnKZHh41Hc/DkDoN34kUOfJ0EKDwcpBFZvPk="],"block_size":4096,"path":"contentScript.js"},{"block_hashes":["IrmiuUD/WuGNnh0GvWUjKt4UPkiTTRKNbFPgG5A0+F4="],"block_size":4096,"path":"popup.html"},{"block_hashes":["x5wYCOb4o01kdSCITa7aYx+rv6zwdm0tdUga8tof8Bw="],"block_size":4096,"path":"popup.js"}],"version":2}